iter	Logloss
0	0.659574276811	0.63003109492	0.6048762227
3	0.583297661844	0.563633943355	0.546497632766	0.533119885477	0.521015211288	0.510686622299	0.4998177061110	0.4905194581111	0.4817180481212	0.4669019213	13	0.4679549114114	0.4626262215115	0.4571210426116	0.4524168405117	0.4483942601818	0.4374497271919	0.433943135220	0.4312356258221	0.4282235138
22	0.4256349582323	0.4234003662424	0.4210342722225	0.4186476571226	0.4166349658227	0.4145404839228	0.4125713792229	0.4106164803330	0.4088830873131	0.4070680923232	0.4053421053333	0.4039780443434	0.4027788193535	0.4012826873636	0.40014107837	0.4058307421
38	0.4046691515
39	0.4036011714040	0.40272458341	0.401759149
42	0.4007169528
43	0.3996997721
44	0.398759561
45	0.3981250336
46	0.3972332447
47	0.3963876552
48	0.3958892885
49	0.3952695179
50	0.3948793586
51	0.3942252897
52	0.3933393363
53	0.3930943165
54	0.3925160277
55	0.3918839996
56	0.3913564612
57	0.3905451287
58	0.3900095354
59	0.3895821242
60	0.3890880427
61	0.3886590552
62	0.3881804781
63	0.3871991236
64	0.3867494553
65	0.3864844864
66	0.3860232274667	0.3853994267668	0.3848587512669	0.3844981989770	0.3837508157171	0.3831672447272	0.3825632337373	0.3820261667474	0.3813398397575	0.3808567827676	0.3804275887777	0.3798209578	78	0.3793523179779	0.378793080	080	0.3781918818181	0.3773491828282	0.376910383	0.3768245287
84	084	0.375872185	085	0.37558886	0.3755947543
87	0.3752213946
88	0.3748626032
8989	0.3739943890	0.3741065146
91	91	0.3730267192	92	0.372742339393	0.3724523942
94	0.3721041248
95	0.3715627437
96	0.3702360627
97	0.3700654965
98	0.3701172266
99	0.369813959
1100	0.36874904051101	0.3682648354102	0.36884278010103	0.3674911573
104	0.3673155384
105	0.3671094510106	0.36678314510107	0.36638511510108	0.36578978810109	0.36566122611110	0.36527381111111	0.3646369071112	0.36445072111113	0.3641870011114	0.36389344111115	0.36358475111116	0.36319183611117	0.36279672811118	0.36232817211119	0.36231027120120	0.3620595121	0.3622082877
122	122	0.3613698123	123	0.3610459124	124	0.3605523125	0.3609314236
126	0.3604052864
127	127	0.359799128	0128	0.359555129	0129	0.359251130	0.3582648317
131	0.3580659936
132	0.3575844549
133	0.3571598896
134	0.3567637297
135	0.3565166646
136	0.3563503479
137	0.3561763679
138	0.3558313324
139	0139	0.35551140	0.140	0.35520141	0.354227088
142	0.3539534047
143	0.3537356115
144	0.3534634175
145	0.3530736481
146	0.3527898915
147	0.3525748875
148	0.3523051034
149	0.3519675958
150	0.3516645863
151	0.3511915232
152	0.3509372552
153	0.3503689567
154	0.3500285788
155	0.3496233476
156	0.3493868973
157	0.3490471692
158	0.3487540163
159	0.3484852883
160	0.3482301538
161	0.3477595819
162	0.3473895258
163	0.3471343101
164	0.3467119652
165	0.3461839596
166	0.3458762655
167	0.3455147934
168	0.34529107
169	0.3447872727
170	0.344371887
171	0.3441897835
172	0.3439303976
173	0.3436845781
174	0.343444743
175	0.3431366698
176	0.3428103456
177	0.3424444867
178	0.3421310249
179	0.3419119049
180	0.3417215965
181	0.3414205908
182	0.3412468004
183	0.3410271117
184	0.3407489875
185	0.3403072543
186	0.3398901086
187	0.33963187	0.188	0.3392188	0.3189	0.3389189	0.3190	0.3386190	0.3191	0.3384469818
192	0.3382001875
193	0.3378193	0.3194	0.3376081682
195	0.337354902
196	0.3370716599
197	0.3367902862
198	0.3364688362
199	0.3361201181
200	0.33594714
201	0.335739041
202	0.3353794372
203	0.3350927832
204	0.3346495336
205	0.3343570306
206	0.3340481722
207	0.3336219009
208	0.3333722633
209	0.3330762672
210	0.3328053458
211	0.3323559224
212	0.3320224765
213	0.3316131565
214	0.3313248777
215	0.3308555515
216	0.3306079448
217	0.3303797535
218	0.3301477711
219	0.3298298143
220	0.3296336028
221	0.3292840993
222	0.3289517637
223	0.3287817101
224	0.3285599093
225	0.3282403007
226	0.3279048781
227	0.327615435
228	0.3274401552
229	0.3270178374
230	0.3267070293
231	0.3264169363
232	0.3260666476
233	0.3258814841
234	0.3253152978
235	0.3251320027
236	0.3248483274
237	0.324370011
238	0.3242250593
239	0.3238052598
240	0.3235182538
241	0.3232434241	242	0.3230660242	243	0.3226822243	244	0.3224438244	0.3177518605
245	0.3175553644
246	0.3172284683
247	0.3170242542
248	0.3167593573
249	0.3164341694
250	0.3162213164
251	0.3157807982
252	0.3153988827
253	0.3151936267
254	0.3149290153
255	0.3145481159
256	0.3140696308
257	0.3137496026
258	0.3133514405
259	0.3130853238
260	0.3127655596
261	0.3123879852
262	0.312180827
263	0.3119868832
264	0.3118063625
265	0.3113911438
266	0.3110907624
267	0.3107330166
268	0.310330912
269	0.3101365976
270	0.3097854817
271	0.3094252621
272	0.3093824965
273	0.3090198346
274	0.3088494093
275	0.3086030024
276	0.3082487221
277	0.3079345627
278	0.3076206096
279	0.3073836221
280	0.3070376829
281	0.3066501174
282	0.3064614255
283	0.3061037388
284	0.3058026795
285	0.3055041209
286	0.3054641276
287	0.30524369
288	0.3049474426
289	0.3047707861
290	0.3045676604
291	0.3043492182
292	0.3040729042
293	0.3038512772
294	0.3035584496
295	0.303158388
296	0.3029421888
297	0.302711536
298	0.3022995657
299	0.301826456
6
36
